,assets,avg_price_last_30_days_usd,cumulative_units,equity,market_cap,__row_index,APR,APR_daily,APR_Decimal,staked_ETH,simple_interest_daily,simple_interest_accumulated,compound_interest,total_compound_interest
2023-03-22 00:00:00+00:00,179.438208333,179.438208333,1,-179.438208333,179.438208333,327,4.277083333333334,0.00011718036529680366,0.042770833333333334,89.7191041665,0.010513317400332449,0.010513317400332449,89.7191041665,0.0
2023-03-23 00:00:00+00:00,249.851758333,124.925879167,2,-249.851758333,249.851758333,326,4.661458333333333,0.00012771118721461187,0.04661458333333333,124.9258791665,0.01595443234218286,0.02646774974251531,124.94183359884218,0.015954432342184077
2023-03-24 00:00:00+00:00,782.656985417,260.885661806,3,-782.656985417,782.656985417,325,4.589583333333334,0.0001257420091324201,0.04589583333333334,391.3284927085,0.0492064309039284,0.07567418064644371,391.39365557788847,0.06516286938847315
2023-03-25 00:00:00+00:00,768.223421667,256.074473889,3,-768.223421667,768.223421667,324,4.1833333333333345,0.00011461187214611876,0.04183333333333335,384.1117108335,0.044023762291876045,0.11969794293831976,384.2209049336188,0.10919410011877062
2023-03-26 00:00:00+00:00,791.32261,197.8306525,4,-791.32261,791.32261,323,4.130208333333334,0.00011315639269406394,0.041302083333333336,395.661305,0.04477160600242581,0.16446954894074556,395.81528306213175,0.1539780621317277
2023-03-27 00:00:00+00:00,818.900772083,163.780154417,5,-818.900772083,818.900772083,322,4.54375,0.000124486301369863,0.0454375,409.4503860415,0.050970964152768916,0.21544051309351447,409.65535423594395,0.20496819444394987
2023-03-28 00:00:00+00:00,867.69800125,144.616333542,6,-867.69800125,867.69800125,321,5.277083333333334,0.00014457762557077626,0.052770833333333336,433.849000625,0.06272485836661672,0.2781653714601312,434.11672331162544,0.2677226866254614
2023-03-29 00:00:00+00:00,964.166747083,137.738106726,7,-964.166747083,964.166747083,320,4.510416666666667,0.00012357305936073058,0.04510416666666667,482.0833735415,0.059572517335465036,0.33773788879559624,482.4107018287724,0.32732828727239394
2023-03-30 00:00:00+00:00,1113.437466167,139.179683271,8,-1113.437466167,1113.437466167,319,4.801041666666667,0.0001315353881278539,0.04801041666666667,556.7187330835,0.07322821463418526,0.4109661034297815,557.1193326406599,0.40059955715992146
2023-03-31 00:00:00+00:00,1259.616199208,139.957355468,9,-1259.616199208,1259.616199208,318,4.190625,0.00011481164383561644,0.04190625,629.808099604,0.07230930321652088,0.4832754066463024,630.2810544578701,0.472954853870192
2023-04-01 00:00:00+00:00,1269.027084708,141.003009412,9,-1269.027084708,1269.027084708,317,4.41875,0.00012106164383561645,0.044187500000000005,634.513542354,0.07681525247333529,0.5600906591196377,635.0633697170357,0.5498273630356607
2023-04-02 00:00:00+00:00,1295.405021542,129.540502154,10,-1295.405021542,1295.405021542,316,3.903125,0.00010693493150684932,0.03903125,647.702510771,0.06926202362611122,0.629352682745749,648.3216589534131,0.6191481824131415
2023-04-03 00:00:00+00:00,37329.87076875,121.920069886,11,-1341.12076875,1341.12076875,315,4.108333333333333,0.00011255707762557078,0.04108333333333333,18664.935384375,2.1008705809353594,2.7302232636811086,18667.655472827857,2.7200884528574534
2023-04-04 00:00:00+00:00,38290.867111667,117.600037083,12,-1411.200445,1411.200445,314,4.508333333333334,0.0001235159817351598,0.045083333333333336,19145.4335558335,2.3647670213940466,5.094990285075156,19150.51874728215,5.085191448648402
2023-04-05 00:00:00+00:00,39599.453056625,121.619004719,12,-1459.428056625,1459.428056625,313,4.362500000000001,0.00011952054794520549,0.043625000000000004,19799.7265283125,2.3664741638291313,7.461464448904287,19807.178801709848,7.452273397346289
2023-04-06 00:00:00+00:00,39029.324440708,119.868008948,12,-1438.416107375,1438.416107375,312,4.140625000000001,0.00011344178082191782,0.041406250000000006,19514.662220354,2.2137780344151587,9.675242483319446,19524.329117184927,9.666896830927726
2023-04-07 00:00:00+00:00,38690.27035275,118.826696062,12,-1425.92035275,1425.92035275,311,4.206250000000001,0.00011523972602739729,0.04206250000000001,19345.135176375,2.229328077688421,11.904570561007866,19357.032515294155,11.897338919156027
2023-04-08 00:00:00+00:00,38753.820822958,119.021874135,12,-1428.262489625,1428.262489625,310,3.9177083333333336,0.00010733447488584476,0.039177083333333335,19376.910411479,2.0798105039261565,13.984381064934022,19390.888837896706,13.978426417706942
2023-04-09 00:00:00+00:00,38435.873683042,113.483232029,13,-1475.282016375,1475.282016375,309,8.66875,0.00023749999999999997,0.08668749999999999,19217.936841521,4.564259999861237,18.54864106479526,19236.48284781484,18.546006293840037
2023-04-10 00:00:00+00:00,38891.252461542,114.827753452,13,-1492.760794875,1492.760794875,308,3.9302083333333333,0.00010767694063926941,0.039302083333333335,19445.626230771,2.093845541344149,20.642486606139407,19466.2680795834,20.641848812399985
2023-04-11 00:00:00+00:00,39789.045744875,117.478518837,13,-1527.220744875,1527.220744875,307,4.427083333333334,0.00012128995433789957,0.04427083333333334,19894.5228724375,2.413005770772243,23.05549237691165,19917.580230669573,23.057358232072147
2023-04-12 00:00:00+00:00,39391.189952083,111.140948958,14,-1555.973285417,1555.973285417,306,4.365625,0.00011960616438356163,0.043656249999999994,19695.5949760415,2.3557145703364704,25.41120694724812,19721.010806646085,25.415830604586517
2023-04-13 00:00:00+00:00,40984.701172917,115.636988542,14,-1618.917839583,1618.917839583,305,3.978125,0.00010898972602739726,0.03978125,20492.3505864585,2.233455676075485,27.644662623323608,20520.002642803574,27.652056345075835
2023-04-14 00:00:00+00:00,43691.834397917,123.275076042,14,-1725.851064583,1725.851064583,304,5.029166666666667,0.00013778538812785388,0.050291666666666665,21845.9171989585,3.0100481802674555,30.654710803591065,21876.58311353316,30.665914574659837
2023-04-15 00:00:00+00:00,43666.578440625,123.203817187,14,-1724.853440625,1724.853440625,303,4.595833333333333,0.00012591324200913242,0.04595833333333333,21833.2892203125,2.74910022945259,33.40381103304365,21866.708096361333,33.41887604883232
2023-04-16 00:00:00+00:00,43732.472977083,123.389736458,14,-1727.456310417,1727.456310417,302,3.91875,0.00010736301369863014,0.0391875,21866.2364885415,2.3476250476567673,35.75143608070042,21902.00657758924,35.77008904773902
2023-04-17 00:00:00+00:00,43476.989578125,122.668898438,14,-1717.364578125,1717.364578125,301,4.60625,0.0001261986301369863,0.0460625,21738.4947890625,2.7433682636197023,38.49480434432012,21777.0127605101,38.51797144759985
2023-04-18 00:00:00+00:00,43578.490589583,122.955280208,14,-1721.373922917,1721.373922917,300,4.889583333333333,0.00013396118721461188,0.04889583333333333,21789.2452947915,2.9189131682006653,41.41371751252079,21830.687339320488,41.442044528987026
2023-04-19 00:00:00+00:00,42018.4515375,118.55368125,14,-1659.7515375,1659.7515375,299,6.036458333333334,0.00016538242009132422,0.06036458333333334,21009.22576875,3.474556601880886,44.888274114401675,21054.149223666485,44.92345491648666
2023-04-20 00:00:00+00:00,40597.99264375,114.545903125,14,-1603.64264375,1603.64264375,298,5.8708333333333345,0.00016084474885844752,0.05870833333333334,20298.996321875,3.2649869654705346,48.15326107987221,20347.19198945878,48.19566758377914
2023-04-21 00:00:00+00:00,39701.774891667,105.967222436,14,-1483.541114103,1483.541114103,297,5.3343750000000005,0.0001461472602739726,0.05334375,19850.8874458335,2.901152814215564,51.05441389408777,19901.99130989627,51.1038640627703
2023-04-22 00:00:00+00:00,38783.190304167,105.933194792,14,-1483.064727083,1483.064727083,296,4.642708333333333,0.0001271974885844749,0.046427083333333334,19391.5951520835,2.4665622029919,53.520976097079675,19445.17207863243,53.576926548928895
2023-04-23 00:00:00+00:00,38812.064170833,65.322916591,14,-914.520832273,914.520832273,295,4.766666666666667,0.00013059360730593606,0.04766666666666666,19406.0320854165,2.5343037335292777,56.05527983060895,19462.150312503065,56.11822708656473
2023-04-24 00:00:00+00:00,38523.282123958,64.836879943,14,-907.716319205,907.716319205,294,4.669791666666667,0.00012793949771689497,0.046697916666666665,19261.641061979,2.4643246826727125,58.519604513281664,19320.230793486026,58.589731507025135
2023-04-25 00:00:00+00:00,38213.040076875,64.447513466,15,-966.712701989,966.712701989,293,4.828125,0.00013227739726027397,0.04828125,19106.5200384375,2.527360741385782,61.04696525466745,19167.6448807831,61.12484234560179
2023-04-26 00:00:00+00:00,39470.064021875,69.056271562,15,-1035.844073437,1035.844073437,292,4.487500000000001,0.00012294520547945207,0.044875000000000005,19735.0320109375,2.426327565728275,63.47329282039572,19798.59069585513,63.55868491763249
2023-04-27 00:00:00+00:00,39636.622921333,65.903852633,16,-1054.461642133,1054.461642133,291,5.053125,0.0001384417808219178,0.05053125,19818.3114606665,2.7436823314980936,66.21697515189382,19884.62262709316,66.31116642665802
2023-04-28 00:00:00+00:00,39662.636493,65.600393708,16,-1049.606299333,1049.606299333,290,4.804166666666667,0.00013162100456621005,0.04804166666666667,19831.3182465,2.610218029476541,68.82719318137036,19900.248358898476,68.93011239847692
2023-04-29 00:00:00+00:00,39652.978031667,53.571352891,16,-857.14164625,857.14164625,289,4.473958333333333,0.000122574200913242,0.04473958333333333,19826.4890158335,2.430216048030961,71.25740922940132,19897.857793333453,71.36877749995256
2023-04-30 00:00:00+00:00,39789.3698355,38.465194198,17,-653.908301365,653.908301365,288,4.573958333333334,0.00012531392694063926,0.045739583333333333,19894.68491775,2.4930810922899616,73.75049032169127,19968.55571984401,73.87080209401029
2023-05-01 00:00:00+00:00,38435.31591225,37.156202693,17,-631.655445776,631.655445776,287,5.648958333333333,0.00015476598173515981,0.05648958333333333,19217.657956125,2.9742397002301906,76.72473002192146,19294.514430606447,76.85647448144664
2023-05-02 00:00:00+00:00,38467.45245675,37.230085661,17,-632.911456232,632.911456232,286,6.239583333333333,0.00017094748858447487,0.06239583333333333,19233.726228375,3.28795719486205,80.0126872167835,19313.8837984726,80.15757009760273
2023-05-03 00:00:00+00:00,38969.688075,34.659902083,17,-589.218335417,589.218335417,285,5.960416666666667,0.0001632990867579909,0.05960416666666667,19484.8440375,3.181857236945634,83.19454445372914,19568.19655449254,83.3525169925415
2023-05-04 00:00:00+00:00,39502.157073,34.584226967,17,-587.931858433,587.931858433,284,5.866666666666666,0.00016073059360730593,0.058666666666666666,19751.0785365,3.1746025775561644,86.3691470312853,19837.619053369635,86.5405168696343
2023-05-05 00:00:00+00:00,40316.25100275,35.296968025,17,-600.048456425,600.048456425,283,6.120833333333333,0.00016769406392694064,0.06120833333333333,20158.125501375,3.380397986474872,89.74954501776017,20248.06092856208,89.93542718707977
2023-05-06 00:00:00+00:00,40271.0182515,35.25736665,17,-599.37523305,599.37523305,282,8.309375000000001,0.00022765410958904112,0.08309375000000001,20135.50912575,4.5839314011446275,94.3334764189048,20230.04895850782,94.5398327578223
2023-05-07 00:00:00+00:00,39828.701907,34.8701177,17,-592.7920009,592.7920009,281,7.085416666666668,0.00019412100456621007,0.07085416666666668,19914.3509535,3.8657938123774835,98.19927023128228,20012.774932237506,98.42397873750451
2023-05-08 00:00:00+00:00,38737.97993925,33.915188175,17,-576.558198975,576.558198975,280,7.670833333333333,0.00021015981735159818,0.07670833333333334,19368.989969625,4.070583394301327,102.26985362558361,19471.5052165222,102.515246897201
2023-05-09 00:00:00+00:00,38465.59274325,26.880508531,17,-456.968645031,456.968645031,279,6.4312499999999995,0.0001761986301369863,0.0643125,19232.796371625,3.3887923743839257,105.65864599996753,19338.718473942656,105.92210231765421
2023-05-10 00:00:00+00:00,38568.53744475,26.952448302,17,-458.191621135,458.191621135,278,6.259375,0.00017148972602739726,0.06259375,19284.268722375,3.307053959838795,108.96569995980633,19393.5160432048,109.24732082979972
2023-05-11 00:00:00+00:00,37849.94067225,26.450278823,17,-449.65473999,449.65473999,277,7.217708333333333,0.00019774543378995435,0.07217708333333334,18924.970336125,3.7423264685790563,112.70802642838538,19037.981586582227,113.01125045722802
2023-05-12 00:00:00+00:00,37053.766038,20.193982111,17,-343.297695889,343.297695889,276,7.185416666666667,0.0001968607305936073,0.07185416666666666,18526.883019,3.647215726742637,116.35524215512802,18643.5637326613,116.6807136612988
2023-05-13 00:00:00+00:00,37589.989224,20.486219111,17,-348.265724889,348.265724889,275,5.510416666666667,0.0001509703196347032,0.05510416666666667,18794.994612,2.837486344106164,119.19272849923419,18914.530427330043,119.53581533004399
2023-05-14 00:00:00+00:00,37609.82906475,20.497031653,17,-348.449538097,348.449538097,274,4.720833333333333,0.00012933789954337898,0.04720833333333333,18804.914532375,2.4321881467101454,121.62491664594434,18926.89799636303,121.98346398802823
2023-05-15 00:00:00+00:00,38089.856862333,20.125016625,18,-362.25029925,362.25029925,273,4.70625,0.00012893835616438357,0.0470625,19044.9284311665,2.455621765182941,124.08053841112728,19169.38324526704,124.4548141005398
2023-05-16 00:00:00+00:00,37947.360633,20.030075975,19,-380.571443525,380.571443525,272,5.8714144294007085,0.00016086066929864954,0.058714144294007085,18973.6803165,3.0521189147708023,127.13265732589808,19101.2072694,127.52695290000338
2023-05-17 00:00:00+00:00,37875.88095,19.99234625,19,-379.85457875,379.85457875,271,5.027289173098471,0.00013773394994790332,0.05027289173098471,18937.940475,2.6083973455000224,129.7410546713981,19068.09339003645,130.1529150364513
2023-05-18 00:00:00+00:00,37891.739227,20.000716858,19,-380.013620308,380.013620308,270,5.259917438234445,0.00014410732707491629,0.052599174382344446,18945.8696135,2.730238629111362,132.47129330050947,19078.77152315426,132.90190965426154
2023-05-19 00:00:00+00:00,37812.883202167,19.641786646,20,-392.835732917,392.835732917,269,5.491134106837372,0.00015044203032431156,0.05491134106837372,18906.4416010835,2.84432346067503,135.31561676118451,19042.20782823156,135.76622714805853
2023-05-20 00:00:00+00:00,37915.101894667,19.694883833,20,-393.897676667,393.897676667,268,4.617333785357179,0.00012650229548923778,0.046173337853571784,18957.5509473335,2.398173711691862,137.71379047287638,19095.732522932634,138.1815755991338
2023-05-21 00:00:00+00:00,37877.425886167,19.675313146,20,-393.506262917,393.506262917,267,4.531092742090985,0.00012413952718057494,0.04531092742090985,18938.7129430835,2.351042870163021,140.0648333430394,19079.262715348257,140.54977226475603
2023-05-22 00:00:00+00:00,37877.344074,19.445763696,21,-408.361037625,408.361037625,266,4.7190648488098015,0.0001292894479125973,0.047190648488098015,18938.672037,2.4485704518614746,142.51340379490088,19081.68855131908,143.01651431907885
2023-05-23 00:00:00+00:00,38695.1801195,19.917970406,22,-438.195348937,438.195348937,265,5.0668640295786656,0.0001388181925911963,0.05066864029578665,19347.59005975,2.6857974830898907,145.19920127799077,19493.3122248462,145.7221650961983
2023-05-24 00:00:00+00:00,37963.172266833,21.785322935,23,-501.062427509,501.062427509,264,5.009132295522773,0.00013723650124719924,0.050091322955227724,18981.5861334165,2.604966469072433,147.8041677470632,19129.933263381863,148.34712996536473
2023-05-25 00:00:00+00:00,37599.23990425,23.747089847,24,-569.930156333,569.930156333,263,5.009843700515148,0.00013725599179493557,0.05009843700515148,18799.619952125,2.5803604818967756,150.38452822895997,18950.567804104714,150.94785197971578
2023-05-26 00:00:00+00:00,38153.364249,26.063923463,25,-651.598086562,651.598086562,262,4.989201356095899,0.0001366904481122164,0.04989201356095899,19076.6821245,2.6076002280922133,152.9921284570522,19230.258209837335,153.57608533733583
2023-05-27 00:00:00+00:00,38365.934102,25.812748467,26,-671.131460133,671.131460133,261,5.089159853908982,0.0001394290370933968,0.050891598539089825,19182.967051,2.6746626245152876,155.66679108156748,19339.239211927546,156.2721609275468
2023-05-28 00:00:00+00:00,38881.422377,26.159570967,26,-680.148845133,680.148845133,260,4.222481178270067,0.00011568441584301555,0.042224811782700676,19440.7111885,2.2489873174143993,157.91577839898187,19599.250414998613,158.53922649861124
2023-05-29 00:00:00+00:00,39925.52739,29.566175152,27,-798.286729091,798.286729091,259,5.0227193844495,0.00013760875025889042,0.050227193844495005,19962.763695,2.7470509637825,160.66282936276437,20124.07178884722,161.30809384721942
2023-05-30 00:00:00+00:00,40054.3667785,32.906494795,28,-921.381854273,921.381854273,258,4.654579332018272,0.00012752272142515811,0.046545793320182716,20027.18338925,2.553920928277882,163.21675029104225,20191.065974472614,163.88258522261458
2023-05-31 00:00:00+00:00,39406.44981,32.374201364,28,-906.477638182,906.477638182,257,4.689429384631072,0.00012847751738715268,0.046894293846310726,19703.224905,2.531421420315117,165.74817171135737,19869.65996687062,166.4350618706194
2023-06-01 00:00:00+00:00,39261.1479645,32.25482925,28,-903.135219,903.135219,256,4.457009961963291,0.00012210986197159698,0.0445700996196329,19630.57398225,2.3970866793957706,168.14525839075316,19799.42645416245,168.8524719124507
2023-06-02 00:00:00+00:00,39768.840628,32.671922,28,-914.813816,914.813816,255,4.758372879375701,0.00013036638025686853,0.04758372879375701,19884.420314,2.592259899842325,170.7375182905955,20055.88705849785,171.46674449785132
2023-06-03 00:00:00+00:00,39982.3691835,32.847345477,28,-919.725673364,919.725673364,254,4.113041529313761,0.00011268606929626743,0.04113041529313761,19991.18459175,2.252728012220414,172.9902463028159,20164.923386173527,173.738794423527
2023-06-04 00:00:00+00:00,40003.2405935,32.864492295,28,-920.205784273,920.205784273,253,3.894475901413233,0.00010669796990173241,0.03894475901413233,20001.62029675,2.1341322804085117,175.12437858322443,20177.511761030593,175.89146428059394
2023-06-05 00:00:00+00:00,38950.1814945,31.999356068,28,-895.981969909,895.981969909,252,4.029037212329089,0.00011038458115970107,0.04029037212329089,19475.09074725,2.149749735182361,177.27412831840678,19653.15137697139,178.06062972138898
2023-06-06 00:00:00+00:00,38778.329428333,41.329435486,29,-1198.553629097,1198.553629097,251,4.268907232007243,0.0001169563625207464,0.042689072320072435,19389.1647141665,2.2676861772845216,179.5418144956913,19569.513855388734,180.349141222232
2023-06-07 00:00:00+00:00,40298.637354333,43.858813974,30,-1315.764419231,1315.764419231,250,4.1135910560484055,0.00011270112482324398,0.04113591056048405,20149.3186771665,2.2708508793386626,181.81266537502998,20331.958994819146,182.64031765264735
2023-06-08 00:00:00+00:00,39021.784748042,43.472535561,30,-1304.176066827,1304.176066827,249,3.9890976442198958,0.00010929034641698346,0.03989097644219896,19510.892374021,2.132352186461236,183.94501756149123,19695.685004683695,184.79263066269414
2023-06-09 00:00:00+00:00,38970.31432525,43.415194519,30,-1302.455835577,1302.455835577,248,4.095262893340762,0.00011219898337919895,0.04095262893340762,19485.157162625,2.186214824630442,186.13123238612167,19672.15674165762,186.9995790326211
2023-06-10 00:00:00+00:00,37328.022493417,41.585585994,30,-1247.567579808,1247.567579808,247,4.7229660434444325,0.00012939632995738172,0.04722966043444433,18664.0112467085,2.4150545576073763,188.54628694372903,18853.450077357957,189.4388306494584
2023-06-11 00:00:00+00:00,37111.61216,41.344492308,30,-1240.334769231,1240.334769231,246,3.571105257157682,9.783850019610088e-05,0.03571105257157682,18555.80608,1.8154722367968898,190.36175918052592,18747.078917297324,191.27283729732517
2023-06-12 00:00:00+00:00,36845.054097542,41.047531138,30,-1231.425934135,1231.425934135,245,3.735106346468189,0.00010233168072515586,0.03735106346468189,18422.527048771,1.8852081561053817,192.24696733663131,18615.70466749535,193.17761872434858
2023-06-13 00:00:00+00:00,36898.314565875,41.106866394,30,-1233.205991827,1233.205991827,244,3.823352481368125,0.00010474938305118151,0.03823352481368125,18449.1572829375,1.9325378432019154,194.17950517983323,18644.287674741434,195.1303918039339
2023-06-14 00:00:00+00:00,36563.761226708,42.688906649,30,-1280.667199479,1280.667199479,243,3.65251882309691,0.00010006900885197014,0.0365251882309691,18281.880613354,1.8294496729283825,196.0089548527616,18478.859981335765,196.9793679817667
2023-06-15 00:00:00+00:00,34862.997513167,42.756177197,30,-1282.685315909,1282.685315909,242,4.07375091076359,0.00011160961399352302,0.040737509107635905,17431.4987565835,1.945522847550861,197.95447770031245,17630.445632204042,198.94687562054241
2023-06-16 00:00:00+00:00,35580.876319042,43.636587822,30,-1309.097634659,1309.097634659,241,3.780882794297406,0.00010358582998075085,0.03780882794297406,17790.438159521,1.8428373024752045,199.79731500278766,17991.24848052125,200.81032100025186
2023-06-17 00:00:00+00:00,36649.189607042,44.946773277,30,-1348.403198295,1348.403198295,240,3.9720741356549967,0.0001088239489220547,0.03972074135654997,18324.594803521,1.9941547689157182,201.79146977170336,18527.42113226228,202.82632874128103
2023-06-18 00:00:00+00:00,36639.657394083,47.697292042,30,-1430.91876125,1430.91876125,239,3.8047321654206225,0.00010423923740878418,0.038047321654206226,18319.8286970415,1.9096449728391662,203.70111474454254,18524.585813217454,204.75711617595516
2023-06-19 00:00:00+00:00,36520.121150917,47.541680458,30,-1426.25041375,1426.25041375,238,3.5146549608409487,9.629191673536846e-05,0.03514654960840949,18260.0605754585,1.7582962325148344,205.45941097705736,18466.595704322153,206.53512886365206
2023-06-20 00:00:00+00:00,36914.363250042,48.054902521,30,-1441.647075625,1441.647075625,237,3.9665921420137065,0.000108673757315444,0.039665921420137064,18457.181625021,2.0058112766446046,207.46522225370197,18665.745010109767,208.56338508876797
2023-06-21 00:00:00+00:00,38890.017996667,54.210183333,30,-1626.3055,1626.3055,236,3.923674785899655,0.00010749793933971657,0.03923674785899655,19445.0089983335,2.0902983977630973,209.55552065146506,19655.685101954146,210.67610362064806
2023-06-22 00:00:00+00:00,40165.191769208,60.376559349,30,-1811.296780469,1811.296780469,235,4.1398762212308515,0.00011342126633509182,0.04139876221230852,20082.595884604,2.2777934565276894,211.83331410799275,20295.57367683164,212.9777922276371
2023-06-23 00:00:00+00:00,39975.367580167,62.739073214,30,-1882.172196429,1882.172196429,234,3.9989638558969927,0.00010956065358621897,0.03998963855896993,19987.6837900835,2.189863699716223,214.02317780770898,20202.874779996968,215.19098991346618
2023-06-24 00:00:00+00:00,39944.927988,66.21909,30,-1986.5727,1986.5727,233,3.776295711537673,0.00010346015648048418,0.03776295711537673,19972.463994,2.0663542501200762,216.08953205782905,20189.743601857077,217.27960785707546
2023-06-25 00:00:00+00:00,40209.960543667,70.7941242,30,-2123.823726,2123.823726,232,3.5414797036833567,9.70268411968043e-05,0.03541479703683357,20104.9802718335,1.9507227281000725,218.0402547859291,20324.231684372684,219.25141253918264
2023-06-26 00:00:00+00:00,39674.5693855,82.627622875,30,-2478.82868625,2478.82868625,231,3.5731485687592284,9.789448133586927e-05,0.03573148568759228,19837.28469275,1.94196069610874,219.98221548203784,20058.499529488603,221.21483673860348
2023-06-27 00:00:00+00:00,39780.049803083,82.847300021,30,-2485.419000625,2485.419000625,230,3.7409036802075866,0.00010249051178650921,0.037409036802075864,19890.0249015415,2.038538831605401,222.02075431364324,20113.300949533543,223.27604799204346
2023-06-28 00:00:00+00:00,39295.987980375,90.550739125,30,-2716.52217375,2716.52217375,229,4.0537249890707985,0.00011106095860467941,0.040537249890707984,19647.9939901875,2.1821250472092037,224.20287936085245,19873.476960478674,225.48297029117384
2023-06-29 00:00:00+00:00,39161.769836583,107.605072792,30,-3228.15218375,3228.15218375,228,4.019302778510489,0.00011011788434275312,0.04019302778510489,19580.8849182915,2.1562056207611824,226.35908498161362,19808.54892391108,227.66400561957926
2023-06-30 00:00:00+00:00,39990.851915,109.8831475,30,-3296.494425,3296.494425,227,4.354998598365251,0.00011931503009219865,0.043549985983652506,19995.4259575,2.3857548498254424,228.74483983143907,20225.502881707085,230.07692420708554
2023-07-01 00:00:00+00:00,40664.499841875,111.734134687,30,-3352.024040625,3352.024040625,226,4.407980777929152,0.00012076659665559322,0.044079807779291526,20332.2499209375,2.455456625302576,231.20029645674165,20564.81008737699,232.5601664394926
2023-07-02 00:00:00+00:00,40597.077732458,111.548878479,30,-3346.466354375,3346.466354375,225,3.6446131512722273,9.98524151033487e-05,0.036446131512722274,20298.538866229,2.026858128862155,233.2271545856038,20533.14911249163,234.61024626262952
2023-07-03 00:00:00+00:00,41412.677152583,113.789906792,30,-3413.69720375,3413.69720375,224,3.84045642415151,0.00010521798422332905,0.0384045642415151,20706.3385762915,2.1786792056431485,235.40583379124695,20943.15218697696,236.81361068546175
2023-07-04 00:00:00+00:00,41318.404360042,113.530872771,30,-3405.926183125,3405.926183125,223,3.91247262787894,0.00010719103090079288,0.0391247262787894,20659.202180021,2.2144811792643586,237.62031497051132,20898.255656180783,239.05347615978462
2023-07-05 00:00:00+00:00,40671.765839542,111.754099521,30,-3352.622985625,3352.622985625,222,3.7543822843523413,0.00010285978861239292,0.037543822843523415,20335.882919771,2.0917446183740167,239.71205958888532,20577.052729539184,241.16980976818377
2023-07-06 00:00:00+00:00,40287.417489667,69.102979,30,-2073.08937,2073.08937,221,4.042548515663313,0.00011075475385378939,0.04042548515663313,20143.7087448335,2.2310115037364593,241.94307109262178,20387.136276808338,243.42753197483762
2023-07-07 00:00:00+00:00,39394.078948875,69.102979,30,-2073.08937,2073.08937,220,4.092469633590954,0.00011212245571482065,0.04092469633590954,19697.0394744375,2.208480436185693,244.15155152880746,19942.702780541196,245.6633061036955
2023-07-08 00:00:00+00:00,39380.358205708,69.102979,30,-2073.08937,2073.08937,219,4.063264686606854,0.0001113223201810097,0.040632646866068545,19690.179102854,2.1919564225093393,246.3435079513168,19938.06171318942,247.8826103354222
2023-07-09 00:00:00+00:00,39525.10499175,69.102979,30,-2073.08937,2073.08937,218,3.7885569293941477,0.0001037960802573739,0.037885569293941476,19762.552495875,2.051275484952406,248.39478343626922,20012.512110938693,249.9596150636935
2023-07-10 00:00:00+00:00,39515.414055542,69.102979,30,-2073.08937,2073.08937,217,3.8346462364213787,0.000105058800997846,0.03834646236421379,19757.707027771,2.0757210108043367,250.47050444707355,20009.768624302957,252.06159653195573
2023-07-11 00:00:00+00:00,39690.776792917,69.102979,30,-2073.08937,2073.08937,216,4.061547314290402,0.00011127526888466853,0.040615473142904014,19845.3883964585,2.2083009299366005,252.67880537701015,20099.686342142326,254.29794568382567
2023-07-12 00:00:00+00:00,40869.901814417,62.1635575,31,-1927.0702825,1927.0702825,215,3.7964884996324058,0.00010401338355157275,0.037964884996324055,20434.9509072085,2.125508386569037,254.8043137635792,20691.400811668653,256.44990446015436
2023-07-13 00:00:00+00:00,41485.034053,44.905288333,32,-1436.969226667,1436.969226667,214,3.882967297470875,0.00010638266568413355,0.03882967297470875,20742.5170265,2.2066442542775975,257.0109580178568,21001.200857038886,258.68383053888465
2023-07-14 00:00:00+00:00,43061.766249,46.612015,32,-1491.58448,1491.58448,213,4.222144162259645,0.00011567518252766152,0.04222144162259645,21530.8831245,2.4905888354082846,259.5015468532651,21792.08746717361,261.20434267360906
2023-07-15 00:00:00+00:00,42000.08808375,45.46280625,32,-1454.8098,1454.8098,212,3.773256022278959,0.0001033768773227112,0.03773256022278959,21000.044041875,2.1709189766884442,261.6724658299535,21263.446306014586,263.4022641395859
2023-07-16 00:00:00+00:00,41940.02347375,45.397789583,32,-1452.729266667,1452.729266667,211,3.7594549051549566,0.00010299876452479333,0.03759454905154957,20970.011736875,2.1598853009685404,263.83235113092206,21235.60101642333,265.5892795483305
2023-07-17 00:00:00+00:00,41588.292716125,45.017060208,32,-1440.545926667,1440.545926667,210,4.06508216474504,0.00011137211410260385,0.0406508216474504,20794.1463580625,2.3158880408563807,266.14823917177847,21062.081104891233,267.9347468287342
2023-07-18 00:00:00+00:00,41284.297040875,44.688001458,32,-1430.016046667,1430.016046667,209,3.887490058890189,0.00010650657695589559,0.03887490058890189,20642.1485204375,2.198524579927003,268.34676375170545,20912.310328658892,270.1618082213936
2023-07-19 00:00:00+00:00,41381.992490875,44.793751458,32,-1433.400046667,1433.400046667,208,3.990450138123322,0.00010932740104447457,0.03990450138123322,20690.9962454375,2.2620928445346635,270.6088565962401,20963.44968259178,272.4534371542795
2023-07-20 00:00:00+00:00,41257.4760215,44.658969167,32,-1429.087013333,1429.087013333,207,4.151697097350015,0.00011374512595479492,0.04151697097350015,20628.73801075,2.3464184033212243,272.95527499956137,20903.568856558126,274.83084580812647
2023-07-21 00:00:00+00:00,41104.7092845,44.4936075,32,-1423.79544,1423.79544,206,4.158219562691958,0.00011392382363539612,0.04158219562691958,20552.35464225,2.3414028255558037,275.2966778251172,20829.55820066449,277.20355841449054
2023-07-22 00:00:00+00:00,41043.034013375,35.90304125,33,-1184.80036125,1184.80036125,205,4.050543795933329,0.00011097380262831038,0.04050543795933329,20521.5170066875,2.2773507779336533,277.5740286030508,20801.028678212904,279.5116715254044
2023-07-23 00:00:00+00:00,40786.38388175,35.6785325,33,-1177.3915725,1177.3915725,204,3.797393378350368,0.00010403817474932515,0.03797393378350368,20393.191940875,2.1216704668412825,279.6956990698921,20674.85436275137,281.6624218763718
2023-07-24 00:00:00+00:00,40370.742618125,35.31494375,33,-1165.39314375,1165.39314375,203,4.101066826747424,0.00011235799525335408,0.04101066826747424,20185.3713090625,2.267987853730834,281.96368692362296,20469.33336581766,283.96205675516103
2023-07-25 00:00:00+00:00,40292.758409083,35.246725833,33,-1163.1419525,1163.1419525,202,4.131775250692126,0.00011319932193677058,0.04131775250692126,20146.3792045415,2.280556465435153,284.2442433890581,20432.653962074375,286.2747575328758
2023-07-26 00:00:00+00:00,40408.499391958,35.347972083,33,-1166.48307875,1166.48307875,201,4.1258228130212755,0.00011303624145263769,0.04125822813021276,20204.249695979,2.2838124470040637,286.52805583606215,20492.840625381494,288.5909294024932
2023-07-27 00:00:00+00:00,29415.300469042,35.552617917,33,-1173.23639125,1173.23639125,200,4.07441786233518,0.00011162788663932,0.0407441786233518,14707.650234521,1.6417839131098781,288.169839749172,14997.915162632155,290.2649281111553
2023-07-28 00:00:00+00:00,29365.3826015,35.492285,33,-1171.245405,1171.245405,199,4.0083170145643425,0.00010981690450861211,0.04008317014564342,14682.69130075,1.6124077085038926,289.7822474576759,14974.600512565552,291.9092118155513
2023-07-29 00:00:00+00:00,29479.67963391,26.722822042,34,-908.57594943,908.57594943,198,4.266719180816931,0.00011689641591279265,0.042667191808169316,14739.839816955,1.7230344457307132,291.5052819034066,15033.506186356915,293.6663694019153
2023-07-30 00:00:00+00:00,29460.351243774,26.705301189,34,-907.980240432,907.980240432,197,3.545029236299589,9.712408866574218e-05,0.03545029236299589,14730.175621887,1.4306548831621069,292.93593678656873,15025.301168250578,295.1255463635789
2023-07-31 00:00:00+00:00,504460.6545237,24.975188,35,-874.13158,874.13158,196,5.692577000866071,0.00015596101372235808,0.056925770008660705,252230.32726185,39.33809753128026,332.274034317849,252564.83693382423,334.5096719742287
2023-08-01 00:00:00+00:00,30726.992946375,23.889032917,36,-860.005185,860.005185,195,3.910675356838024,0.00010714179059830203,0.03910675356838024,15363.4964731875,1.646072521988007,333.920106839837,15699.688057648937,336.1915844614359
2023-08-02 00:00:00+00:00,30987.65164425,24.520192875,37,-907.247136375,907.247136375,194,4.072783597096479,0.0001115831122492186,0.04072783597096479,15493.825822125,1.7288493058800156,335.648956145717,15831.783769195621,337.95794707062123
2023-08-03 00:00:00+00:00,30777.559352083,23.594388932,38,-896.586779427,896.586779427,193,4.088952250286238,0.00011202608904893802,0.04088952250286238,15388.7796760415,1.7239448023427129,337.37290094805974,15728.49942802154,339.7197519800393
2023-08-04 00:00:00+00:00,30753.986362525,23.653934142,39,-922.503431525,922.503431525,192,3.839131378719554,0.0001051816816087549,0.03839131378719554,15376.9931812625,1.6173780008915475,338.9902789489513,15718.366043538219,341.37286227571894
2023-08-05 00:00:00+00:00,30694.905605433,23.065416443,40,-922.616657733,922.616657733,191,3.8694122511176774,0.00010601129455116923,0.03869412251117677,15347.4528027165,1.6270033396789467,340.61728228863024,15690.488857710952,343.03605499445257
2023-08-06 00:00:00+00:00,30717.628537733,22.635855794,41,-928.070087552,928.070087552,190,3.6790483022976703,0.0001007958438985663,0.0367904830229767,15358.8142688665,1.5481046455117404,342.16538693414196,15703.433005115114,344.61873624861437
2023-08-07 00:00:00+00:00,30734.9533617,25.295358725,42,-1062.40506645,1062.40506645,189,3.7695282147025897,0.00010327474560829013,0.037695282147025895,15367.47668085,1.5870722448561145,343.7524591789981,15713.718079755788,346.2413989057877
2023-08-08 00:00:00+00:00,30958.263416708,25.893065958,43,-1113.401836208,1113.401836208,188,3.986510967191501,0.00010921947855319181,0.03986510967191501,15479.131708354,1.690622693642601,345.4430818726407,15827.101546258473,347.969837904473
2023-08-09 00:00:00+00:00,31229.800809437,26.120176101,43,-1123.167572341,1123.167572341,187,3.8936556258283335,0.00010667549659803654,0.038936556258283336,15614.9004047185,1.6657272550022277,347.1088091276429,15964.573089733234,349.67268501473336
2023-08-10 00:00:00+00:00,31144.927408896,24.188532787,44,-1064.295442637,1064.295442637,186,3.905707224971281,0.00010700567739647345,0.03905707224971281,15572.463704448,1.6663420274264547,348.7751511550694,15923.840148452686,351.37644400468525
2023-08-11 00:00:00+00:00,31106.301516875,22.415241652,45,-1008.68587433,1008.68587433,185,3.860207149251692,0.00010575909997949841,0.03860207149251692,15553.1507584375,1.6448872260578031,350.4200383811272,15906.209250924716,353.0584924872164
2023-08-12 00:00:00+00:00,31164.662272488,22.53536249,46,-1036.626674548,1036.626674548,184,3.7284476463649874,0.00010214925058534212,0.03728447646364987,15582.331136244,1.5917234479399671,352.01176182906715,15937.017416839575,354.6862805955752
2023-08-13 00:00:00+00:00,31188.1786866,22.39074884,47,-1052.36519548,1052.36519548,183,3.6033830376461315,9.872282294920908e-05,0.036033830376461316,15594.0893433,1.5394925212927542,353.5512543503599,15950.35013204775,356.26078874774976
2023-08-14 00:00:00+00:00,31148.58529635,22.367633011,48,-1073.64638455,1073.64638455,182,3.681889350933612,0.00010087368084749621,0.03681889350933612,15574.292648175,1.5710362260175117,355.1222905763774,15932.160410485869,357.8677623108688
2023-08-15 00:00:00+00:00,31033.555398187,22.285030655,48,-1069.681471437,1069.681471437,181,3.9546989055791113,0.00010834791522134551,0.03954698905579111,15516.7776990935,1.6812105146498473,356.8035010910272,15876.36544614499,359.5877470514897
2023-08-16 00:00:00+00:00,30755.249314687,22.08518054,48,-1060.088665937,1060.088665937,180,4.113409073158703,0.0001126961389906494,0.04113409073158703,15377.6246573435,1.7329989257300205,358.53650001675726,15738.98592747144,361.36127012793986
2023-08-17 00:00:00+00:00,29867.026633354,22.24051043,49,-1089.785011077,1089.785011077,179,4.066298208043206,0.00011140543035734811,0.040662982080432064,14933.513316677,1.6636744777915902,360.20017449454883,15296.578518890543,363.06520221354367
2023-08-18 00:00:00+00:00,28310.061337163,21.081114708,49,-1032.974620696,1032.974620696,178,5.336852808102126,0.0001462151454274555,0.05336852808102126,14155.0306685815,2.0696798677367365,362.26985436228557,14520.218636294121,365.1879677126217
2023-08-19 00:00:00+00:00,28168.882623808,20.815460244,50,-1040.773012199,1040.773012199,177,3.884316594190282,0.00010641963271754197,0.03884316594190282,14084.441311904,1.4988610714445987,363.76871543373016,14451.167003857465,366.7256919534648
2023-08-20 00:00:00+00:00,28282.425165433,20.899362765,50,-1044.968138241,1044.968138241,176,3.675831566317764,0.00010070771414569216,0.03675831566317764,14141.2125827165,1.4241291944536785,365.1928446281838,14509.399335970575,368.1867532540746
2023-08-21 00:00:00+00:00,28279.183106517,19.968171668,51,-1018.376755047,1018.376755047,175,3.838168177646805,0.00010515529253826863,0.03838168177646805,14139.5915532585,1.4868528861545296,366.67969751433833,14509.303876184475,369.71232292597415
2023-08-22 00:00:00+00:00,27947.309040717,19.733832568,51,-1006.425460947,1006.425460947,174,3.812793672314563,0.00010446010061135788,0.03812793672314563,13973.6545203585,1.4596893571050047,368.1393868714433,14344.865152828028,371.2106324695287
2023-08-23 00:00:00+00:00,27980.222986675,19.757073385,51,-1007.610742621,1007.610742621,173,3.9013320406833363,0.00010688580933379004,0.03901332040683336,13990.1114933375,1.4953443896353367,369.6347312610787,14362.857147345549,372.7456540080493
2023-08-24 00:00:00+00:00,28164.502565383,19.886649783,52,-1034.105788733,1034.105788733,172,3.925926394926166,0.00010755962725825112,0.03925926394926166,14082.2512826915,1.5146816989233265,371.149412960002,14456.55171078208,374.30042809057886
2023-08-25 00:00:00+00:00,27982.415371954,19.758079991,52,-1027.420159532,1027.420159532,171,3.930989990888677,0.00010769835591475829,0.039309899908886774,13991.207685977,1.5068300650416526,372.65624302504364,14367.055255673344,375.84756969634327
2023-08-26 00:00:00+00:00,27934.270524767,19.825421032,53,-1050.7473147,1050.7473147,170,3.7824869432060315,0.00010362977926591867,0.037824869432060315,13967.1352623835,1.447411144218031,374.1036541692617,14344.469192224744,377.33392984124475
2023-08-27 00:00:00+00:00,27992.034410967,19.858291689,54,-1072.3477512,1072.3477512,169,3.4767393770681587,9.525313361830573e-05,0.03476739377068159,13996.0172054835,1.3331644969980259,375.43681866625974,14374.72024206098,378.703036577479
2023-08-28 00:00:00+00:00,27916.143003033,20.794674927,54,-1122.91244604,1122.91244604,168,3.7757498630109536,0.00010344520172632749,0.037757498630109534,13958.0715015165,1.4438955221848773,376.88071418844464,14338.257608628177,380.1861071116764
2023-08-29 00:00:00+00:00,28485.939156675,20.996449133,55,-1154.804702333,1154.804702333,167,4.2304551868233595,0.00011590288183077697,0.04230455186823359,14242.9695783375,1.6508012199574025,378.5315154084021,14624.850551334579,381.8809729970799
2023-08-30 00:00:00+00:00,28465.586539725,21.490854969,56,-1203.487878267,1203.487878267,166,4.113726273713217,0.00011270482941680046,0.04113726273713217,14232.7932698625,1.6041045376044387,380.1356199460065,14616.321387227103,383.5281173646017
2023-08-31 00:00:00+00:00,28042.903805817,21.316621737,56,-1193.730817253,1193.730817253,165,3.6575314721950907,0.00010020634170397509,0.036575314721950906,14021.4519029085,1.4050384005687009,381.5406583465752,14406.423490623252,384.9715877147519
2023-09-01 00:00:00+00:00,27209.280527017,20.504335299,56,-1148.242776751,1148.242776751,164,3.7711438934764114,0.00010331901078017565,0.03771143893476411,13604.6402635085,1.4056179740458463,382.94627632062105,13991.05724408092,386.41698057241956
2023-09-02 00:00:00+00:00,27150.312505958,20.68860672,56,-1158.561976315,1158.561976315,163,3.431301405791567,9.400825769291964e-05,0.03431301405791567,13575.156252979,1.2761767872516994,384.22245310787275,13962.88573672576,387.7294837467598
2023-09-03 00:00:00+00:00,27157.4628717,20.631443515,56,-1155.360836824,1155.360836824,162,3.258816318911384,8.928263887428449e-05,0.03258816318911384,13578.73143585,1.21234497515789,385.4347980830306,13967.707882083398,388.9764462333969
2023-09-04 00:00:00+00:00,27113.377025225,20.865266574,56,-1168.454928156,1168.454928156,161,3.521916274137814,9.649085682569353e-05,0.03521916274137814,13556.6885126125,1.3080964903010168,386.7428945733316,13947.01058800678,390.32207539428055
2023-09-05 00:00:00+00:00,27059.136690325,21.125876462,56,-1183.0490819,1183.0490819,160,3.677568793026479,0.00010075530939798573,0.03677568793026479,13529.5683451625,1.3631758446380413,388.10607041796965,13921.292923422889,391.72457826038953
2023-09-06 00:00:00+00:00,27085.260098175,19.163008165,56,-1073.12845725,1073.12845725,159,3.9758653878672794,0.00010892781884567888,0.03975865387867279,13542.6300490875,1.4751691526810504,389.5812395706507,13935.87246620447,393.2424171169696
2023-09-07 00:00:00+00:00,27194.301427083,18.405423735,57,-1049.109152902,1049.109152902,158,3.90810461656905,0.00010707135935805616,0.0390810461656905,13597.1507135415,1.4558654102952517,391.03710498094597,13991.891101068923,394.7403875274231
2023-09-08 00:00:00+00:00,27221.130134525,18.423581721,57,-1050.144158071,1050.144158071,157,3.7002958403951314,0.0001013779682300036,0.03700295840395131,13610.5650672625,1.3798114329813345,392.4169164139273,14006.72528420137,396.1602169388698
2023-09-09 00:00:00+00:00,27169.04598665,19.802817521,57,-1128.760598706,1128.760598706,156,3.854540050471199,0.00010560383699921093,0.03854540050471199,13584.522993325,1.4345777518991263,393.8514941658264,13982.159624054744,397.63663072974487
2023-09-10 00:00:00+00:00,26995.584635617,18.611169569,57,-1060.836665419,1060.836665419,155,3.457877775138518,9.47363774010553e-05,0.03457877775138518,13497.7923178085,1.278731947100971,395.1302261129274,13896.745351139263,398.953033330763
2023-09-11 00:00:00+00:00,26346.726351092,16.218229916,58,-940.657335147,940.657335147,154,3.55245631180578,9.732757018645973e-05,0.0355245631180578,13173.363175546,1.2821314290596773,396.4123575419871,13573.637169435176,400.2739938891773
2023-09-12 00:00:00+00:00,26417.211485342,16.151769412,58,-936.802625925,936.802625925,153,4.243378109972887,0.00011625693451980512,0.04243378109972887,13208.605742671,1.5355920129236242,397.94794955491074,13610.461863200599,401.85612052959914
2023-09-13 00:00:00+00:00,26556.358981933,15.89678197,58,-922.01335426,922.01335426,152,3.7877860572973354,0.0001037749604738996,0.037877860572973356,13278.1794909665,1.377942551840393,399.32589210675116,13681.455256650965,403.2757656844642
2023-09-14 00:00:00+00:00,27001.974733333,16.16353,58,-937.48474,937.48474,151,3.529468312713796,9.66977619921588e-05,0.03529468312713796,13500.9873666665,1.30551526304106,400.6314073697922,13905.607643478012,404.62027681151085
2023-09-15 00:00:00+00:00,27050.149971108,16.192367961,58,-939.157341752,939.157341752,150,3.6964954174380504,0.00010127384705309728,0.036964954174380504,13525.074985554,1.3697363754686676,402.0011437452609,13931.105976193008,406.03099063900845
2023-09-16 00:00:00+00:00,27205.002415017,14.459983499,58,-838.679042946,838.679042946,149,3.552045417745337,9.731631281494074e-05,0.03552045417745337,13602.5012075085,1.3237452625755064,403.3248890078364,14009.895456848979,407.3942493404793
2023-09-17 00:00:00+00:00,27070.228184867,14.388348396,58,-834.524206985,834.524206985,148,3.3450368826512533,9.164484610003433e-05,0.03345036882651253,13535.1140924335,1.2404234479474738,404.5653124557839,13943.786100805211,408.67200837171185
2023-09-18 00:00:00+00:00,27255.617256258,14.044696682,58,-814.592407543,814.592407543,147,3.5109700370472394,9.619095991910246e-05,0.035109700370472396,13627.808628129,1.3108719935335553,405.87618444931746,14037.830819047022,410.0221909180218
2023-09-19 00:00:00+00:00,27303.231108008,14.069231885,58,-816.015449324,816.015449324,146,3.7568070165254577,0.00010292621963083446,0.037568070165254576,13651.615554004,1.4051091808271314,407.2812936301446,14063.085056136924,411.4695021329244
2023-09-20 00:00:00+00:00,27123.975698742,15.973557007,58,-926.46630638,926.46630638,145,3.8154822611569337,0.00010453376057964202,0.038154822611569335,13561.987849371,1.4176855908301622,408.69897922097476,13974.918049549176,412.93020017817616
2023-09-21 00:00:00+00:00,26642.262461558,15.721320923,59,-927.557934483,927.557934483,144,3.78348804730629,0.0001036572067755148,0.0378348804730629,13321.131230779,1.3808312544726267,410.0798104754474,13735.48506540279,414.35383462379104
2023-09-22 00:00:00+00:00,26506.921766325,15.641457792,59,-922.846009739,922.846009739,143,3.639865401767021,9.972233977443892e-05,0.03639865401767021,13253.4608831625,1.3216661293779661,411.40147660482535,13669.177704249552,415.7168210870532
2023-09-23 00:00:00+00:00,26512.3517604,15.126103114,59,-892.440083743,892.440083743,142,3.4044464124683302,9.327250445118713e-05,0.0340444641246833,13256.1758802,1.236436723791674,412.637913328617,13673.167912959889,416.9920327598884
2023-09-24 00:00:00+00:00,26488.169909392,15.112306633,59,-891.626091332,891.626091332,141,3.454437032524026,9.464211048011031e-05,0.03454437032524026,13244.084954696,1.2534481514903055,413.8913614801073,13662.369900613414,418.284945917414
2023-09-25 00:00:00+00:00,26304.000876633,13.98673175,59,-825.21717325,825.21717325,140,3.3721628346978747,9.238802286843493e-05,0.03372162834697875,13152.0004383165,1.215087317260851,415.10644879736816,13571.539116070324,419.53867775382423
2023-09-26 00:00:00+00:00,26426.588367392,13.019854083,59,-768.171390917,768.171390917,139,3.8498683240825864,0.00010547584449541333,0.038498683240825865,13213.294183696,1.3936833625916687,416.50013215995983,13634.27079600875,420.97661231275015
2023-09-27 00:00:00+00:00,26607.546560742,13.109008583,59,-773.431506417,773.431506417,138,3.6634830960438856,0.0001003693998916133,0.036634830960438854,13303.773280371,1.335291740444917,417.83542390040475,13726.127437594141,422.35415722314065
2023-09-28 00:00:00+00:00,27107.917394067,12.622605833,59,-744.733744167,744.733744167,137,3.5767264808084063,9.799250632351799e-05,0.035767264808084065,13553.9586970335,1.328186383327757,419.1636102837325,13977.682428182392,423.7237311488916
2023-09-29 00:00:00+00:00,27689.086261833,11.090944444,59,-654.365722222,654.365722222,136,3.5547192975269413,9.738956979525866e-05,0.03554719297526941,13844.5431309165,1.3483140995318614,420.5119243832644,14269.656442436813,425.1133115203138
2023-09-30 00:00:00+00:00,27865.93901905,11.161783333,59,-658.545216667,658.545216667,135,3.5335827746762924,9.681048697743267e-05,0.03533582774676292,13932.969509525,1.3488575632588364,421.8607819465232,14359.472834035281,426.50332451028044
2023-10-01 00:00:00+00:00,28000.426726708,11.215652778,59,-661.723513889,661.723513889,134,3.3992194079878515,9.312929884898223e-05,0.03399219407987852,14000.213363354,1.3038300542653094,423.1646120007885,14428.060237874115,427.8468745201153
2023-10-02 00:00:00+00:00,28409.874632425,11.379658333,59,-671.399841667,671.399841667,133,3.7218999308200362,0.00010196986111835716,0.037218999308200364,14204.9373162125,1.4484754853291577,424.61308748611765,14634.276293704319,429.3389774918196
2023-10-03 00:00:00+00:00,27608.905429783,11.058827778,59,-652.470838889,652.470838889,132,3.992625214226452,0.00010938699217058773,0.03992625214226452,13804.4527148915,1.510027561043085,426.12311504716075,14235.348684043734,430.8959691522341
2023-10-04 00:00:00+00:00,27345.3929883,12.3150375,60,-738.90225,738.90225,131,3.7011814220021027,0.00010140223073978363,0.037011814220021026,13672.69649415,1.386441924734829,427.50955697189556,14105.022599039456,432.3261048894565
2023-10-05 00:00:00+00:00,27188.3212184,12.2443,60,-734.658,734.658,130,3.4638640128344216,9.490038391327182e-05,0.034638640128344216,13594.1606092,1.290091060791757,428.79964803268734,14027.817833063578,433.6572238635781
2023-10-06 00:00:00+00:00,27178.821693175,12.240021875,60,-734.4013125,734.4013125,129,3.3710323884761686,9.235705173907312e-05,0.03371032388476169,13589.4108465875,1.2550779206618032,430.05472595334913,14024.3631996744,434.952353086901
2023-10-07 00:00:00+00:00,27307.0729152,12.2904,61,-749.7144,749.7144,128,3.376178095921075,9.249803002523494e-05,0.03376178095921075,13653.5364576,1.2629252252057246,431.31765117855485,14089.791968147922,436.2555105479223
2023-10-08 00:00:00+00:00,27176.0132293,12.2314125,61,-746.1161625,746.1161625,127,3.3204953430185298,9.09724751511926e-05,0.0332049534301853,13588.00661465,1.2361345941054878,432.5537857726603,14025.53794703562,437.5313323856208
2023-10-09 00:00:00+00:00,26690.843825208,12.013046875,61,-732.795859375,732.795859375,126,3.2563936896933576,8.92162654710509e-05,0.03256393689693358,13345.421912604,1.1906287041780583,433.74441447683836,13784.182908605302,438.76099600130146
2023-10-10 00:00:00+00:00,26273.446914975,11.825184375,61,-721.336246875,721.336246875,125,3.3132427992560305,9.077377532208302e-05,0.033132427992560304,13136.7234574875,1.192469983598308,434.93688446043666,13576.716751464472,439.9932939769715
2023-10-11 00:00:00+00:00,26041.3013016,15.6276,61,-953.2836,953.2836,124,3.31809631125467,9.090674825355261e-05,0.0331809631125467,13020.6506508,1.1836650108097315,436.12054947124636,13461.86760814739,441.2169573473893
2023-10-12 00:00:00+00:00,25774.863264583,15.467708333,61,-943.530208333,943.530208333,123,3.375247766360353,9.247254154411926e-05,0.03375247766360353,12887.4316322915,1.1917335570140724,437.3122830282604,13329.881123649322,442.4494913578219
2023-10-13 00:00:00+00:00,25748.756863917,15.452041667,61,-942.574541667,942.574541667,122,3.471617461119817,9.511280715396759e-05,0.03471617461119817,12874.3784319585,1.2245182730260684,438.5368013012865,13318.094524202495,443.7160922439962
2023-10-14 00:00:00+00:00,25857.181744983,15.517108333,61,-946.543608333,946.543608333,121,3.4223710374021397,9.376359006581204e-05,0.034223710374021395,12928.5908724915,1.2122310946968922,439.7490323959834,13373.560800243971,444.96992775247054
2023-10-15 00:00:00+00:00,25915.018531567,15.551816667,61,-948.660816667,948.660816667,120,3.170456481217826,8.68618214032281e-05,0.03170456481217826,12957.5092657835,1.1255128556751597,440.87454525165856,13403.643357290039,446.13409150653933
2023-10-16 00:00:00+00:00,26302.788842958,15.784520833,61,-962.855770833,962.855770833,119,3.391550357935908,9.291918788865502e-05,0.03391550357935908,13151.394421479,1.2220168892472167,442.0965621409058,13598.79198429226,447.39756281325936
2023-10-17 00:00:00+00:00,26329.531312125,16.184899479,62,-1003.463767708,1003.463767708,118,3.941142806682829,0.00010797651525158436,0.03941142806682829,13164.7656560625,1.4214855196453664,443.5180476605512,13613.63301282517,448.86735676267017
2023-10-18 00:00:00+00:00,26200.053684892,16.01714075,63,-1009.07986725,1009.07986725,117,4.450399916316963,0.00012192876483060171,0.044503999163169626,13100.026842446,1.597270092147168,445.11531775269833,13550.5461991432,450.51935669720115
2023-10-19 00:00:00+00:00,25973.204876367,15.878459,63,-1000.342917,1000.342917,116,3.4514217272210006,9.455949937591782e-05,0.034514217272210004,12986.6024381835,1.2280066251487054,446.343324377847,13438.392402390678,451.78996420717885
2023-10-20 00:00:00+00:00,26660.050359417,16.235361806,64,-1039.063155556,1039.063155556,115,3.759432520825761,0.0001029981512555003,0.03759432520825761,13330.0251797085,1.3729679496992437,447.7162923275462,13783.234645396447,453.20946568794716
2023-10-21 00:00:00+00:00,26914.024830775,16.44376425,64,-1052.400912,1052.400912,114,3.7171081163147623,0.00010183857852917157,0.03717108116314762,13457.0124153875,1.3704430156324767,449.0867353431787,13911.638478298843,454.62606291134216
2023-10-22 00:00:00+00:00,27281.606463433,16.668347,64,-1066.774208,1066.774208,113,3.3986154936493387,9.311275325066681e-05,0.03398615493649339,13640.8032317165,1.2701327454557167,450.3568680886344,14096.741758857714,455.93852714121385
2023-10-23 00:00:00+00:00,28196.974671233,17.227613,64,-1102.567232,1102.567232,112,3.560819770001584,9.755670602744065e-05,0.03560819770001584,14098.4873356165,1.375401984432334,451.7322700730668,14555.845744603006,457.3584089865053
2023-10-24 00:00:00+00:00,30091.554249117,18.3851515,64,-1176.649696,1176.649696,111,4.20219342918768,0.00011512858710103234,0.042021934291876804,15045.7771245585,1.7321990621874532,453.46446913525426,15504.92038763462,459.1432630761192
2023-10-25 00:00:00+00:00,29852.271078558,18.23895575,64,-1167.293168,1167.293168,110,3.635674407001509,9.960751800004134e-05,0.03635674407001509,14926.135539279,1.4867553143997896,454.95122444965403,15386.811291790358,460.67575251135895
2023-10-26 00:00:00+00:00,28934.851300983,18.4060955,64,-1177.990112,1177.990112,109,3.9854009461612647,0.00010918906701811685,0.03985400946161265,14467.4256504915,1.579684708931139,456.5309091585852,14929.731388467404,462.3057379759048
2023-10-27 00:00:00+00:00,28572.100524025,18.17534175,64,-1163.221872,1163.221872,108,3.847008577391536,0.00010539749527100099,0.03847008577391536,14286.0502620125,1.505713914931745,458.0366230735169,14749.910439770169,463.86017775766777
2023-10-28 00:00:00+00:00,28626.939061225,18.21022575,64,-1165.454448,1165.454448,107,4.380395163308328,0.000120010826392009,0.04380395163308328,14313.4695306125,1.717771306905647,459.7543943804226,14779.103147920334,465.63361730783436
2023-10-29 00:00:00+00:00,28658.888121275,18.23054925,64,-1166.755152,1166.755152,106,3.4099170510580543,9.342238496049463e-05,0.03409917051058054,14329.4440606375,1.33869083930275,461.0930852197253,14796.459869387683,467.0158087501841
2023-10-30 00:00:00+00:00,28885.11713055,18.3744585,64,-1175.965344,1175.965344,105,3.4715977045671393,9.511226587855175e-05,0.03471597704567139,14442.558565275,1.3736644702269907,462.4667496899523,14910.992457427183,468.43389215218303
2023-10-31 00:00:00+00:00,28902.1539568,18.385296,64,-1176.658944,1176.658944,104,3.92258735069657,0.00010746814659442657,0.0392258735069657,14451.0769784,1.5530304591620343,464.0197801491143,14921.114242733538,470.0372643335377
2023-11-01 00:00:00+00:00,29072.107990583,18.4934075,64,-1183.57808,1183.57808,103,3.8537947684538096,0.000105583418313803,0.038537947684538096,14536.0539952915,1.5347662696168898,465.5545464187312,15007.67565403576,471.62165874425955
2023-11-02 00:00:00+00:00,29281.861386708,18.62683625,64,-1192.11752,1192.11752,102,3.9179232980849217,0.00010734036433109374,0.039179232980849216,14640.930693354,1.5715628347709112,467.12610925350214,15114.174538973704,473.2438456197051
2023-11-03 00:00:00+00:00,28883.781610177,18.463675657,64,-1181.675242024,1181.675242024,101,3.611030296243154,9.893233688337408e-05,0.03611030296243154,14441.8908050885,1.428770006361918,468.55487925986404,14916.61023983413,474.71943474562977
2023-11-04 00:00:00+00:00,29454.688297075,18.828622187,64,-1205.03182,1205.03182,100,3.641589890420703,9.976958603892338e-05,0.03641589890420703,14727.3441485375,1.469341029152347,470.0242202890164,15203.580286873772,476.2361383362713
2023-11-05 00:00:00+00:00,30149.804170292,19.272968229,64,-1233.469966667,1233.469966667,99,3.4477099794751496,9.445780765685342e-05,0.0344770997947515,15074.902085146,1.4239422016046195,471.44816249062103,15552.607149905432,477.7050647594315
2023-11-06 00:00:00+00:00,30303.042071025,19.52841125,64,-1249.81832,1249.81832,98,3.7098196868894138,0.00010163889553121681,0.03709819686889414,15151.5210355125,1.539983863667489,472.9881463542885,15630.814637550771,479.2936020382713
2023-11-07 00:00:00+00:00,30202.591607233,19.463677222,64,-1245.675342222,1245.675342222,97,3.6869247085521453,0.0001010116358507437,0.03686924708552145,15101.2958036165,1.525406592589274,474.5135529468778,15582.163226478153,480.8674228616528
2023-11-08 00:00:00+00:00,30241.515744383,19.488761389,64,-1247.280728889,1247.280728889,96,3.8529871626945433,0.00010556129212861763,0.03852987162694543,15120.7578721915,1.5961667389525016,476.10971968583027,15603.272222778603,482.51435058710376
2023-11-09 00:00:00+00:00,31368.632082433,20.215117222,64,-1293.767502222,1293.767502222,95,3.8827997161146044,0.00010637807441409875,0.038827997161146044,15684.3160412165,1.6684673389667715,477.77818702479703,16168.550188090065,484.2341468735649
2023-11-10 00:00:00+00:00,33632.204947983,21.673848056,64,-1387.126275556,1387.126275556,94,4.620399337465682,0.00012658628321823785,0.04620399337465682,16816.1024739915,2.1286879103995986,479.90687493519664,17302.526606176325,486.424132184824
2023-11-11 00:00:00+00:00,33032.709097233,21.287510556,64,-1362.400675556,1362.400675556,93,3.8714171494747784,0.0001060662232732816,0.03871417149474778,16516.3545486165,1.7518273492142378,481.6587022844109,17004.582101321146,488.2275527046477
2023-11-12 00:00:00+00:00,32855.933651842,21.173589861,64,-1355.109751111,1355.109751111,92,3.6987379272933385,0.00010133528567926955,0.036987379272933385,16427.966825921,1.6647327114342676,483.32343499584516,16917.908586015616,489.94176009461444
2023-11-13 00:00:00+00:00,33064.384231842,21.307923194,64,-1363.707084444,1363.707084444,91,3.8269975960534692,0.00010484924920694436,0.03826997596053469,16532.192115921,1.7333879310992817,485.05682292694445,17023.91863397241,491.7265180514114
2023-11-14 00:00:00+00:00,32586.831970392,21.000170694,64,-1344.010924444,1344.010924444,90,4.338458587630212,0.00011886187911315651,0.043384585876302124,16293.415985196,1.9366660411727388,486.99348896811716,16787.13761682653,493.7216316305312
2023-11-15 00:00:00+00:00,32154.129989183,20.721321389,64,-1326.164568889,1326.164568889,89,4.0780739465809805,0.00011172805333098576,0.040780739465809804,16077.0649945915,1.7962591751214432,488.7897481432386,16572.63804795394,495.573053362441
2023-11-16 00:00:00+00:00,32455.868884842,20.241070833,64,-1295.428533333,1295.428533333,88,3.850790957063514,0.00010550112211132916,0.03850790957063514,16227.934442421,1.7120652932245022,490.5018134364631,16725.271844589883,497.3374021688833
2023-11-17 00:00:00+00:00,31394.528058333,19.579166667,64,-1253.066666667,1253.066666667,87,3.5956446850219113,9.851081328827154e-05,0.03595644685021911,15697.2640291665,1.546350245913922,492.04816368237704,16196.196774693262,498.93274552676303
2023-11-18 00:00:00+00:00,31169.127506492,19.438595833,64,-1244.070133333,1244.070133333,86,3.693968824332674,0.00010120462532418284,0.03693968824332674,15584.563753246,1.5772299354881023,493.62539361786514,16085.124223009823,500.56046976382277
2023-11-19 00:00:00+00:00,31480.40702485,19.438595833,64,-1244.070133333,1244.070133333,85,3.393921798333735,9.29841588584585e-05,0.03393921798333735,15740.203512425,1.4635895838637925,495.0889832017289,16242.274115966924,502.07060354192436
2023-11-20 00:00:00+00:00,32381.494786875,19.438595833,64,-1244.070133333,1244.070133333,84,3.530335526064745,9.67215212620478e-05,0.03530335526064745,16190.7473934375,1.56599371826281,496.6549769199917,16694.43255173024,503.6851582927393
2023-11-21 00:00:00+00:00,32071.297608067,19.438595833,64,-1244.070133333,1244.070133333,83,3.5674469345692588,9.773827217997969e-05,0.035674469345692586,16035.6488040335,1.567296607391192,498.2222735273829,16540.950488250728,505.3016842172274
2023-11-22 00:00:00+00:00,32333.083475892,19.438595833,64,-1244.070133333,1244.070133333,82,4.055508196694502,0.00011110981360806855,0.040555081966945024,16166.541737946,1.7962614391902407,500.01853496657316,16673.69582757837,507.1540896323695
2023-11-23 00:00:00+00:00,33067.851727067,19.438595833,64,-1244.070133333,1244.070133333,81,3.9374967015222446,0.00010787662195951355,0.039374967015222445,16533.9258635335,1.783624069887027,501.8021590364602,17042.91828730576,508.99242377226255
2023-11-24 00:00:00+00:00,33460.253262808,19.438595833,64,-1244.070133333,1244.070133333,80,3.5454292547463933,9.713504807524365e-05,0.035454292547463934,16730.126631404,1.6250816546463418,503.42724069110653,17240.79357783446,510.6669464304614
2023-11-25 00:00:00+00:00,33356.796300267,19.438595833,64,-1244.070133333,1244.070133333,79,3.5312105249442296,9.674549383408849e-05,0.0353121052494423,16678.3981501335,1.6135598653962133,505.04080055650275,17190.728061155274,512.329911021774
2023-11-26 00:00:00+00:00,33249.163645017,19.438595833,64,-1244.070133333,1244.070133333,78,3.326875541711623,9.114727511538692e-05,0.03326875541711623,16624.5818225085,1.5152853330544427,506.5560858895572,17138.473716338674,513.8918938301758
2023-11-27 00:00:00+00:00,32580.839016217,19.438595833,64,-1244.070133333,1244.070133333,77,3.510074824457695,9.616643354678616e-05,0.03510074824457695,16290.4195081085,1.566591545075785,508.122677434633,16805.927412634413,515.5079045259135
2023-11-28 00:00:00+00:00,32577.652127542,19.438595833,64,-1244.070133333,1244.070133333,76,3.6661736536340466,0.00010044311379819305,0.036661736536340465,16288.826063771,1.6361004099623235,509.7587778445953,16806.021847925993,517.1957841549938
2023-11-29 00:00:00+00:00,32787.719535758,19.438595833,64,-1244.070133333,1244.070133333,75,3.9998152956855058,0.00010958398070371248,0.039998152956855056,16393.859767879,1.7965044124626206,511.5552822570579,16912.908732819284,519.0489649402843
2023-11-30 00:00:00+00:00,32630.005292442,19.438595833,64,-1244.070133333,1244.070133333,74,3.864546288905369,0.00010587798051795531,0.03864546288905369,16315.002646221,1.7273995323269764,513.2826817893849,16835.83396654981,520.8313203288089
2023-12-01 00:00:00+00:00,33482.41449915,19.438595833,64,-1244.070133333,1244.070133333,73,3.8888112687143415,0.00010654277448532442,0.038888112687143414,16741.207249575,1.7836546686035475,515.0663364579884,17263.87771538632,522.6704658113194
2023-12-02 00:00:00+00:00,33857.699035342,19.438595833,64,-1244.070133333,1244.070133333,72,3.7407655932326254,0.00010248672858171577,0.037407655932326256,16928.849517671,1.7349824057182577,516.8013188637067,17453.308532674204,524.4590150032054
2023-12-03 00:00:00+00:00,34695.262819333,19.438595833,64,-1244.070133333,1244.070133333,71,3.4742006225030995,9.518357869871505e-05,0.03474200622503099,17347.6314096665,1.6512096395182925,518.4525285032249,17873.79155419515,526.1601445286506
2023-12-04 00:00:00+00:00,35766.805698267,19.438595833,64,-1244.070133333,1244.070133333,70,3.7468439617205758,0.00010265325922522125,0.03746843961720576,17883.4028491335,1.8357895885011617,520.2883180917261,18411.45279530436,528.0499461708605
2023-12-05 00:00:00+00:00,35825.706349333,19.438595833,64,-1244.070133333,1244.070133333,69,4.010235442010714,0.0001098694641646771,0.04010235442010714,17912.8531746665,1.9680755799611434,522.2563936716872,18442.92921298196,530.0760383154593
2023-12-06 00:00:00+00:00,36354.202061825,19.438595833,64,-1244.070133333,1244.070133333,68,4.09082442792144,0.00011207738158688876,0.0409082442792144,18177.1010309125,2.0372418883850094,524.2936355600722,18709.27372065076,532.1726897382578
2023-12-07 00:00:00+00:00,36558.249791433,19.438595833,64,-1244.070133333,1244.070133333,67,4.033500904516317,0.00011050687409633745,0.04033500904516317,18279.1248957165,2.019968953442171,526.3136045135143,18813.37636314862,534.251467432121
2023-12-08 00:00:00+00:00,37831.876154125,19.438595833,64,-1244.070133333,1244.070133333,66,4.062356880150572,0.00011129744877124856,0.04062356880150572,18915.9380770625,2.1052956490919734,528.4189001626063,19452.354300969037,536.4162239065372
2023-12-09 00:00:00+00:00,37787.045917208,19.438595833,64,-1244.070133333,1244.070133333,65,3.9034071188626824,0.00010694266079075842,0.039034071188626826,18893.522958604,2.020523616904394,530.4394237795107,19432.017071905717,538.4941133017164
2023-12-10 00:00:00+00:00,37334.724751558,19.438595833,64,-1244.070133333,1244.070133333,64,3.394803691870316,9.300832032521415e-05,0.03394803691870316,18667.362375779,1.736220019473304,532.175643798984,19207.642793533174,540.280417754173
2023-12-11 00:00:00+00:00,35560.207006017,19.438595833,64,-1244.070133333,1244.070133333,63,3.774423787707874,0.00010340887089610615,0.03774423787707874,17780.1035030085,1.8386204276620106,534.014264226646,18322.278410978306,542.1749079698056
2023-12-12 00:00:00+00:00,35194.819674633,19.438595833,64,-1244.070133333,1244.070133333,62,4.0249764665430945,0.00011027332785049574,0.04024976466543095,17597.4098373165,1.9405249443099413,535.9547891709559,18141.585057661992,544.1752203454926
2023-12-13 00:00:00+00:00,34907.918141483,19.438595833,64,-1244.070133333,1244.070133333,61,3.7075703335543038,0.00010157726941244668,0.03707570333554304,17453.9590707415,1.7729255028425268,537.7277146737985,17999.9624924228,546.0034216813001
2023-12-14 00:00:00+00:00,36230.028520983,19.438595833,64,-1244.070133333,1244.070133333,60,3.634043640495616,9.95628394656333e-05,0.036340436404956156,18115.0142604915,1.8035822567349733,539.5312969305335,18662.875626080557,547.8613655890549
2023-12-15 00:00:00+00:00,36020.48549765,19.438595833,64,-1244.070133333,1244.070133333,59,4.109235791603138,0.000112581802509675,0.04109235791603138,18010.242748825,2.0276255922995223,541.558922522833,18560.193419226416,549.9506704014166
2023-12-16 00:00:00+00:00,35667.312667817,19.438595833,64,-1244.070133333,1244.070133333,58,3.805570423633552,0.00010426220338722061,0.03805570423633552,17833.6563339085,1.8593763038237632,543.4182988266567,18385.523719682395,551.8673857738941
2023-12-17 00:00:00+00:00,35279.240314825,19.438595833,64,-1244.070133333,1244.070133333,57,3.998031409393279,0.00010953510710666517,0.03998031409393279,17639.6201574125,1.9321576832630682,545.3504565099198,18193.48014972287,553.8599923103684
2023-12-18 00:00:00+00:00,34525.090995183,19.438595833,64,-1244.070133333,1244.070133333,56,3.61392199286514,9.901156144836e-05,0.0361392199286514,17262.5454975915,1.7091915842898913,547.0596480942097,17818.169520028823,555.6240224373214
2023-12-19 00:00:00+00:00,35305.453086067,19.438595833,64,-1244.070133333,1244.070133333,55,3.741372350310445,0.00010250335206329986,0.03741372350310445,17652.7265430335,1.8094636437177212,548.8691117379275,18210.216982439328,557.4904394058285
2023-12-20 00:00:00+00:00,35127.189000742,19.438595833,64,-1244.070133333,1244.070133333,54,3.741907945495425,0.00010251802590398425,0.03741907945495425,17563.594500371,1.8005850359561095,550.6696967738836,18122.942677632094,559.348177261094
2023-12-21 00:00:00+00:00,35307.097600933,19.438595833,64,-1244.070133333,1244.070133333,53,4.217298940292564,0.00011554243672034423,0.042172989402925645,17653.5488004665,2.039734045167409,552.709430819051,18215.001340224135,561.4525397576363
2023-12-22 00:00:00+00:00,36527.26356946,19.438595833,64,-1244.070133333,1244.070133333,52,3.6309055271190256,9.947686375668564e-05,0.03630905527119026,18263.63178473,1.8168088107518596,554.5262396298028,18826.956984836193,563.3252001061919
2023-12-23 00:00:00+00:00,36447.869834454,19.438595833,64,-1244.070133333,1244.070133333,51,3.623171301941134,9.926496717646942e-05,0.03623171301941134,18223.934917227,1.8089983013846533,556.3352379311875,18789.125034092078,565.1901168650766
2023-12-24 00:00:00+00:00,33916.346691709,19.438595833,64,-1244.070133333,1244.070133333,50,3.4584001199463295,9.475068821770766e-05,0.034584001199463296,16958.1733458545,1.6067985954349,557.9420365266225,17525.023813467556,566.8504676130578
2023-12-25 00:00:00+00:00,33705.579185539,19.438595833,64,-1244.070133333,1244.070133333,49,3.633079455995896,9.953642345194236e-05,0.03633079455995896,16852.7895927695,1.677466401252392,559.6195029278749,17421.373949051987,568.5843562824884
2023-12-26 00:00:00+00:00,33091.055522203,19.438595833,64,-1244.070133333,1244.070133333,48,3.3097893755742356,9.067916097463659e-05,0.033097893755742354,16545.5277611015,1.5003345752592416,561.1198375031341,17115.66401071162,570.136249610121
2023-12-27 00:00:00+00:00,33789.863018292,19.438595833,64,-1244.070133333,1244.070133333,47,3.491551430105708,9.565894329056733e-05,0.03491551430105708,16894.931509146,1.6161512951314165,562.7359887982656,17466.738448682423,571.8069395364219
2023-12-28 00:00:00+00:00,35226.313544342,19.438595833,64,-1244.070133333,1244.070133333,46,3.8912967653414925,0.00010661087028332857,0.038912967653414926,17613.156772171,1.8777539719178526,564.6137427701834,18186.9024265148,573.7456543437984
2023-12-29 00:00:00+00:00,34551.677048342,19.438595833,64,-1244.070133333,1244.070133333,45,3.689635497668029,0.00010108590404569942,0.03689635497668029,17275.838524171,1.7463437553633472,566.3600865255468,17851.388519868324,575.5499956973254
2023-12-30 00:00:00+00:00,33981.811402908,19.438595833,64,-1244.070133333,1244.070133333,44,3.2833189229466866,8.995394309442978e-05,0.03283318922946687,16990.905701454,1.5283989645914158,567.8884854901381,17568.03586910748,577.1301676534786
2023-12-31 00:00:00+00:00,33927.4841785,19.438595833,64,-1244.070133333,1244.070133333,43,3.229994855324683,8.849300973492282e-05,0.03229994855324683,16963.74208925,1.5011725938447205,569.3896580839828,17542.42450148287,578.682412232869
2024-01-01 00:00:00+00:00,34054.915516633,19.438595833,64,-1244.070133333,1244.070133333,42,3.1562587385955916,8.647284215330387e-05,0.031562587385955916,17027.4577583165,1.4724126670069522,570.8620707509898,17607.662623529264,580.2048652127633
2024-01-02 00:00:00+00:00,35164.200630108,19.438595833,64,-1244.070133333,1244.070133333,41,3.2877129285362323,9.007432680921185e-05,0.03287712928536232,17582.100315054,1.5836958497705205,572.4457666007603,18163.94113767918,581.8408226251813
2024-01-03 00:00:00+00:00,33884.111166933,19.438595833,64,-1244.070133333,1244.070133333,40,3.366449193655372,9.223148475768143e-05,0.03366449193655372,16942.0555834665,1.562590941310282,574.0083575420706,17525.512661075954,583.4570776094552
2024-01-04 00:00:00+00:00,33191.6717634,19.438595833,64,-1244.070133333,1244.070133333,39,5.275326855982879,0.0001445295029036405,0.052753268559828786,16595.8358817,2.3985879102525014,576.406945452323,17181.7758739811,585.939992281099
2024-01-05 00:00:00+00:00,33157.452947708,19.438595833,64,-1244.070133333,1244.070133333,38,3.49113190253396,9.564744938449206e-05,0.0349113190253396,16578.726473854,1.585712901267289,577.9926583535903,17166.30822270212,587.5817488481189
2024-01-06 00:00:00+00:00,33163.327660617,19.438595833,64,-1244.070133333,1244.070133333,37,3.26298561256265,8.939686609760685e-05,0.0326298561256265,16581.6638303085,1.4823487811136196,579.4750071347039,17170.780455904653,589.1166255961543
2024-01-07 00:00:00+00:00,33158.179895243,19.438595833,64,-1244.070133333,1244.070133333,36,3.132510646468165,8.58222094922785e-05,0.03132510646468165,16579.0899476215,1.4228541306761011,580.89786126538,17169.679986638792,590.5900390172901
2024-01-08 00:00:00+00:00,33282.416985735,19.438595833,64,-1244.070133333,1244.070133333,35,3.3765744317456408,9.250888854097646e-05,0.03376574431745641,16641.2084928675,1.5394597016538305,582.4373209670339,17233.392626414538,592.1841335470381
2024-01-09 00:00:00+00:00,33951.928448291,19.438595833,64,-1244.070133333,1244.070133333,34,3.525959934630053,9.6601642044659e-05,0.03525959934630053,16975.9642241455,1.6399060193438408,584.0772269863777,17569.845469671578,593.8812455260777
2024-01-10 00:00:00+00:00,35703.197408409,19.438595833,64,-1244.070133333,1244.070133333,33,4.045422368948056,0.00011083348956022073,0.04045422368948057,17851.5987042045,1.9785549786156995,586.0557819649933,18447.52432664002,595.9256224355195
2024-01-11 00:00:00+00:00,38576.613616875,19.438595833,64,-1244.070133333,1244.070133333,32,3.954554201457476,0.00010834395072486236,0.03954554201457476,19288.3068084375,2.0897713624193797,588.1455533274127,19886.386767171713,598.0799587342117
2024-01-12 00:00:00+00:00,38502.34444147,19.438595833,64,-1244.070133333,1244.070133333,31,3.3453325792272115,9.165294737608799e-05,0.033453325792272115,19251.172220735,1.7644266744750319,589.9099800018877,19851.07142193467,599.8992011996706
2024-01-13 00:00:00+00:00,37725.922893987,19.438595833,64,-1244.070133333,1244.070133333,30,3.5004432133856622,9.590255379138801e-05,0.03500443213385662,18862.9614469935,1.8090061748351725,591.7189861767229,19464.72718623342,601.7657392399196
2024-01-14 00:00:00+00:00,37631.210185108,19.438595833,64,-1244.070133333,1244.070133333,29,3.387936757578299,9.282018513913148e-05,0.03387936757578299,18815.605092554,1.7464679481956473,593.4654541249186,19419.173155749442,603.5680631954419
2024-01-15 00:00:00+00:00,37285.361844667,19.438595833,64,-1244.070133333,1244.070133333,28,3.3860034743082137,9.276721847419762e-05,0.033860034743082135,18642.6809223335,1.7294296540668679,595.1948837789854,19248.034406513394,605.3534841798937
2024-01-16 00:00:00+00:00,37642.071931325,19.438595833,64,-1244.070133333,1244.070133333,27,3.6570784008008497,0.00010019392878906438,0.0365707840080085,18821.0359656625,1.8857535372800083,597.0806373162654,19428.33585612356,607.2998904610577
2024-01-17 00:00:00+00:00,37743.458503417,19.438595833,64,-1244.070133333,1244.070133333,26,3.593377202085768,9.844869046810323e-05,0.03593377202085768,18871.7292517085,1.8578970316992995,598.9385343479647,19480.946827080195,609.2175753716947
2024-01-18 00:00:00+00:00,37032.260703892,19.438595833,64,-1244.070133333,1244.070133333,25,3.481298602422452,9.537804390198499e-05,0.03481298602422452,18516.130351946,1.7660322936027826,600.7045666415675,19127.17206559195,611.0417136459473
2024-01-19 00:00:00+00:00,36564.93442394,19.438595833,64,-1244.070133333,1244.070133333,24,4.56198808959743,0.00012498597505746384,0.0456198808959743,18282.46721197,2.285051990944183,602.9896186325117,18895.870349251272,613.4031372812715
2024-01-20 00:00:00+00:00,36578.492529773,19.438595833,64,-1244.070133333,1244.070133333,23,3.3795326024271835,9.258993431307353e-05,0.033795326024271835,18289.2462648865,1.6934001103014664,604.6830187428131,18904.399597234264,615.1533323477634
2024-01-21 00:00:00+00:00,36574.785158925,19.438595833,64,-1244.070133333,1244.070133333,22,3.1836744368767294,8.722395717470492e-05,0.031836744368767295,18287.3925794625,1.5950987471880536,606.2781174900013,18904.194666665368,616.8020872028683
2024-01-22 00:00:00+00:00,35376.121805725,19.438595833,64,-1244.070133333,1244.070133333,21,3.1991606491285274,8.764823696242542e-05,0.031991606491285275,17688.0609028625,1.550327353419905,607.8284448434212,18306.46737903429,618.4064761717891
2024-01-23 00:00:00+00:00,33422.476084292,22.575645833,65,-1467.416979167,1467.416979167,20,3.806094670573659,0.00010427656631708656,0.03806094670573659,16711.238042146,1.7425905219424571,609.5710353653636,17331.451594143655,620.2135519976546
2024-01-24 00:00:00+00:00,32973.080629992,22.272095833,65,-1447.686229167,1447.686229167,19,3.267746459245723,8.952730025330749e-05,0.03267746459245723,16486.540314996,1.4759954449189054,611.0470308102825,17108.285388483462,621.7450734874619
2024-01-25 00:00:00+00:00,32718.600861808,22.100204167,65,-1436.513270833,1436.513270833,18,3.3834915346503234,9.26983982095979e-05,0.033834915346503236,16359.300430904,1.5164809457743857,612.5635117560569,16982.619620109646,623.3191892056457
2024-01-26 00:00:00+00:00,33147.220564775,24.60874625,66,-1624.1772525,1624.1772525,17,3.608485670223859,9.886262110202353e-05,0.03608485670223859,16573.6102823875,1.6385105536402769,614.2020223096971,17198.629605115613,625.0193227281125
2024-01-27 00:00:00+00:00,33613.289226292,27.197675,67,-1822.244225,1822.244225,16,3.562404526650514,9.760012401782231e-05,0.035624045266505144,16806.644613146,1.6403305985665149,615.8423529082636,17433.36526843609,626.7206552900898
2024-01-28 00:00:00+00:00,33719.339913833,26.129054167,68,-1776.775683333,1776.775683333,15,3.295944615605399,9.029985248233971e-05,0.03295944615605399,16859.6699569165,1.5224257100104945,617.364778618274,17487.96963069932,628.2996737828216
2024-01-29 00:00:00+00:00,33748.027272592,25.90468075,69,-1787.42297175,1787.42297175,14,3.193370384663949,8.748959957983422e-05,0.03193370384663949,16874.013636296,1.4763006963441994,618.8410793146182,17503.844580462042,629.8309441660422
2024-01-30 00:00:00+00:00,34603.697084575,26.386611389,70,-1847.062797222,1847.062797222,13,3.3712355192675827,9.236261696623513e-05,0.033712355192675826,17301.8485422875,1.598044009719114,620.4391233243374,17933.335703297507,631.487161010009
2024-01-31 00:00:00+00:00,34388.98738255,26.222887222,70,-1835.602105556,1835.602105556,12,3.5052079870040687,9.603309553435805e-05,0.035052079870040685,17194.493691275,1.6512404553191289,622.0903637796565,17827.692736407193,633.1990451321908
2024-02-01 00:00:00+00:00,33775.363886125,25.754976389,70,-1802.848347222,1802.848347222,11,3.498358944377631,9.5845450530894e-05,0.03498358944377631,16887.6819430625,1.618607484255269,623.7089712639117,17522.5602849267,634.8783418642015
2024-02-02 00:00:00+00:00,34217.292695675,22.364540238,71,-1587.882356905,1587.882356905,10,3.34367265530004,9.160747000822028e-05,0.0334367265530004,17108.6463478375,1.5672798071907714,625.2762510711025,17745.15012910755,636.5037812700502
2024-02-03 00:00:00+00:00,34311.856369925,22.426347381,71,-1592.270664048,1592.270664048,9,3.507489947103741,9.609561498914359e-05,0.03507489947103741,17155.9281849625,1.6486094696435534,626.9248605407461,17794.141740924497,638.2135559619965
2024-02-04 00:00:00+00:00,34140.9419727,22.314637143,71,-1584.339237143,1584.339237143,8,3.093886996746682,8.476402730812827e-05,0.03093886996746682,17070.47098635,1.4469618688495827,628.3718224095957,17710.18560173213,639.7146153821304
2024-02-05 00:00:00+00:00,34171.788184975,19.542948542,72,-1407.092295,1407.092295,7,3.0728131826584826,8.418666253858856e-05,0.030728131826584827,17085.8940924875,1.438404400134309,629.81022680973,17727.100967708207,641.2068752207088
2024-02-06 00:00:00+00:00,34705.258594575,19.848041875,72,-1429.059015,1429.059015,6,3.322494052791558,9.102723432305638e-05,0.03322494052791558,17352.6292972875,1.5795618531653226,631.3897886628953,17995.474101649856,642.8448043623539
2024-02-07 00:00:00+00:00,35423.62668735,20.25887875,72,-1458.63927,1458.63927,5,3.441667387931594,9.429225720360532e-05,0.03441667387931594,17711.813343675,1.6700868593440519,633.0598755222393,18356.388850184332,644.5755065093326
2024-02-08 00:00:00+00:00,36092.9046527,20.641640833,72,-1486.19814,1486.19814,4,3.789988442878715,0.0001038352998048963,0.03789988442878715,18046.45232635,1.8738587877213209,634.9337343099606,18692.96862133802,646.5162949880178
2024-02-09 00:00:00+00:00,36762.597533975,21.024640208,72,-1513.774095,1513.774095,3,3.878066940686304,0.00010624840933387134,0.03878066940686304,18381.2987669875,1.9529837554830725,636.8867180654437,19029.83673705895,648.5379700714511
2024-02-10 00:00:00+00:00,37112.021163433,21.626092222,73,-1578.704732222,1578.704732222,2,3.639005041559463,9.969876826190309e-05,0.03639005041559463,18556.0105817165,1.8500113988519746,638.7367294642956,19206.46322162359,650.4526399070928
2024-02-11 00:00:00+00:00,37363.964023833,21.772905556,73,-1589.422105556,1589.422105556,1,3.334171137811269,9.134715446058272e-05,0.03334171137811269,18681.9820119165,1.7065458964723645,640.443275360768,19334.200614717833,652.2186028013311
